MAE,RMSE,R2,EVS
100.87254017769344,120.52422663145974,0.9953288297670865,0.995544552220101
