{
  "winner": "LAS",
  "test_metrics": {
    "MAE": 100.87254017769344,
    "RMSE": 120.52422663145974,
    "R2": 0.9953288297670865,
    "EVS": 0.995544552220101
  }
}