recall,precision
1.0,0.5
1.0,0.5454545454545454
1.0,0.6
1.0,0.6666666666666666
1.0,0.75
1.0,0.8571428571428571
1.0,1.0
0.8333333333333334,1.0
0.6666666666666666,1.0
0.5,1.0
0.3333333333333333,1.0
0.16666666666666666,1.0
0.0,1.0
